[
  {
    "municipality_name": "Addington Highlands",
    "municipality_type": "township",
    "base_url": "https://www.addingtonhighlands.ca/"
  },
  {
    "municipality_name": "Adelaide-Metcalfe",
    "municipality_type": "township",
    "base_url": "https://adelaidemetcalfe.on.ca/"
  },
  {
    "municipality_name": "Adjala-Tosorontio",
    "municipality_type": "township",
    "base_url": "https://www.adjtos.ca/en/index.aspx"
  },
  {
    "municipality_name": "Admaston/Bromley",
    "municipality_type": "township",
    "base_url": "https://www.admastonbromley.com/"
  },
  {
    "municipality_name": "Ajax",
    "municipality_type": "town",
    "base_url": "https://www.ajax.ca/en/"
  },
  {
    "municipality_name": "Alberton",
    "municipality_type": "township",
    "base_url": "https://www.alberton.ca/"
  },
  {
    "municipality_name": "Alfred and Plantagenet",
    "municipality_type": "township",
    "base_url": "https://www.alfred-plantagenet.com/en/index.aspx"
  },
  {
    "municipality_name": "Algonquin Highlands",
    "municipality_type": "township",
    "base_url": "https://www.algonquinhighlands.ca/"
  },
  {
    "municipality_name": "Alnwick/Haldimand",
    "municipality_type": "township",
    "base_url": "https://www.alnwickhaldimand.ca/"
  },
  {
    "municipality_name": "Amaranth",
    "municipality_type": "township",
    "base_url": "https://www.amaranth.ca/en/index.aspx"
  },
  {
    "municipality_name": "Amherstburg",
    "municipality_type": "town",
    "base_url": "https://www.amherstburg.ca/"
  },
  {
    "municipality_name": "Armour",
    "municipality_type": "township",
    "base_url": "https://www.armourtownship.ca/"
  },
  {
    "municipality_name": "Armstrong",
    "municipality_type": "township",
    "base_url": "https://www.armstrongtownship.com/"
  },
  {
    "municipality_name": "Arnprior",
    "municipality_type": "town",
    "base_url": "https://www.arnprior.ca/"
  },
  {
    "municipality_name": "Arran-Elderslie",
    "municipality_type": "municipality",
    "base_url": "https://www.arran-elderslie.com/"
  },
  {
    "municipality_name": "Ashfield-Colborne-Wawanosh",
    "municipality_type": "township",
    "base_url": "https://www.acwtownship.ca/"
  },
  {
    "municipality_name": "Asphodel-Norwood",
    "municipality_type": "township",
    "base_url": "https://www.antownship.ca/en/index.aspx"
  },
  {
    "municipality_name": "Assiginack",
    "municipality_type": "township",
    "base_url": "https://www.assiginack.ca/"
  },
  {
    "municipality_name": "Athens",
    "municipality_type": "township",
    "base_url": "https://www.athenstownship.ca/"
  },
  {
    "municipality_name": "Atikokan",
    "municipality_type": "town",
    "base_url": "https://www.atikokan.ca/siteengine/activepage.asp"
  },
  {
    "municipality_name": "Augusta",
    "municipality_type": "township",
    "base_url": "https://www.augusta.ca/"
  },
  {
    "municipality_name": "Aurora",
    "municipality_type": "town",
    "base_url": "https://www.aurora.ca/en/index.aspx"
  },
  {
    "municipality_name": "Aylmer",
    "municipality_type": "town",
    "base_url": "https://www.aylmer.ca/"
  },
  {
    "municipality_name": "Baldwin",
    "municipality_type": "township",
    "base_url": "https://www.baldwin.ca/"
  },
  {
    "municipality_name": "Bancroft",
    "municipality_type": "town",
    "base_url": "https://www.bancroft.ca/"
  },
  {
    "municipality_name": "Barrie",
    "municipality_type": "city",
    "base_url": "https://www.barrie.ca/Pages/default.aspx"
  },
  {
    "municipality_name": "Bayham",
    "municipality_type": "municipality",
    "base_url": "https://www.bayham.on.ca/siteengine/activepage.asp"
  },
  {
    "municipality_name": "Beckwith",
    "municipality_type": "township",
    "base_url": "https://www.twp.beckwith.on.ca/"
  },
  {
    "municipality_name": "Belleville",
    "municipality_type": "city",
    "base_url": "https://www.belleville.ca/"
  },
  {
    "municipality_name": "Billings",
    "municipality_type": "township",
    "base_url": "https://www.billingstwp.ca/"
  },
  {
    "municipality_name": "Black River-Matheson",
    "municipality_type": "township",
    "base_url": "https://www.blackriver-matheson.com/"
  },
  {
    "municipality_name": "Blandford-Blenheim",
    "municipality_type": "township",
    "base_url": "https://www.blandfordblenheim.ca/"
  },
  {
    "municipality_name": "Blind River",
    "municipality_type": "town",
    "base_url": "https://www.blindriver.ca/"
  },
  {
    "municipality_name": "Bluewater",
    "municipality_type": "municipality",
    "base_url": "https://www.municipalityofbluewater.ca/"
  },
  {
    "municipality_name": "Bonfield",
    "municipality_type": "township",
    "base_url": "https://www.bonfieldtownship.com/"
  },
  {
    "municipality_name": "Bonnechere Valley",
    "municipality_type": "township",
    "base_url": "https://www.bonnecherevalleytwp.com/"
  },
  {
    "municipality_name": "Bracebridge",
    "municipality_type": "town",
    "base_url": "https://www.bracebridge.ca/"
  },
  {
    "municipality_name": "Bradford West Gwillimbury",
    "municipality_type": "town",
    "base_url": "https://www.townofbwg.com/"
  },
  {
    "municipality_name": "Brampton",
    "municipality_type": "city",
    "base_url": "https://www.brampton.ca/en/pages/welcome.aspx"
  },
  {
    "municipality_name": "Brant",
    "municipality_type": "county",
    "base_url": "https://www.brant.ca/"
  },
  {
    "municipality_name": "Brantford",
    "municipality_type": "city",
    "base_url": "https://www.brantford.ca/Pages/default.aspx"
  },
  {
    "municipality_name": "",
    "municipality_type": "",
    "base_url": null
  },
  {
    "municipality_name": "Brighton",
    "municipality_type": "municipality",
    "base_url": "https://www.brighton.ca/"
  },
  {
    "municipality_name": "Brock",
    "municipality_type": "township",
    "base_url": "https://townshipofbrock.ca/"
  },
  {
    "municipality_name": "Brockton",
    "municipality_type": "municipality",
    "base_url": "https://www.brockton.ca/"
  },
  {
    "municipality_name": "Brockville",
    "municipality_type": "city",
    "base_url": "https://www.brockville.com/"
  },
  {
    "municipality_name": "Brooke-Alvinston",
    "municipality_type": "municipality",
    "base_url": "https://brookealvinston.com/home/"
  },
  {
    "municipality_name": "Bruce",
    "municipality_type": "county",
    "base_url": "https://www.brucecounty.on.ca/"
  },
  {
    "municipality_name": "Bruce Mines",
    "municipality_type": "town",
    "base_url": "https://www.brucemines.ca/"
  },
  {
    "municipality_name": "Brudenell",
    "municipality_type": "lyndoch and raglan, township",
    "base_url": "https://www.blrtownship.ca/"
  },
  {
    "municipality_name": "Burk’s Falls",
    "municipality_type": "village",
    "base_url": "https://www.burksfalls.net/"
  },
  {
    "municipality_name": "Burlington",
    "municipality_type": "city",
    "base_url": "https://www.burlington.ca/en/index.aspx"
  },
  {
    "municipality_name": "Burpee and Mills",
    "municipality_type": "township",
    "base_url": "https://www.burpeemills.com/"
  },
  {
    "municipality_name": "Caledon",
    "municipality_type": "town",
    "base_url": "https://www.town.caledon.on.ca/"
  },
  {
    "municipality_name": "Callander",
    "municipality_type": "municipality",
    "base_url": "https://mycallander.ca/"
  },
  {
    "municipality_name": "Calvin",
    "municipality_type": "municipality",
    "base_url": "https://www.calvintownship.ca/"
  },
  {
    "municipality_name": "Cambridge",
    "municipality_type": "city",
    "base_url": "https://www.cambridge.ca/"
  },
  {
    "municipality_name": "Carleton Place",
    "municipality_type": "town",
    "base_url": "https://www.carletonplace.ca/"
  },
  {
    "municipality_name": "Carling",
    "municipality_type": "township",
    "base_url": "https://www.carlingtownship.ca/"
  },
  {
    "municipality_name": "Carlow/Mayo",
    "municipality_type": "township",
    "base_url": "https://www.carlowmayo.ca/"
  },
  {
    "municipality_name": "Casey",
    "municipality_type": "township",
    "base_url": "https://Casey.ca"
  },
  {
    "municipality_name": "Casselman",
    "municipality_type": "municipality",
    "base_url": "https://www.en.casselman.ca/"
  },
  {
    "municipality_name": "Cavan Monaghan",
    "municipality_type": "township",
    "base_url": "https://www.cavanmonaghan.net/siteengine/activepage.asp"
  },
  {
    "municipality_name": "Central Elgin",
    "municipality_type": "municipality",
    "base_url": "https://www.centralelgin.org/en/index.aspx"
  },
  {
    "municipality_name": "Central Frontenac",
    "municipality_type": "township",
    "base_url": "https://www.centralfrontenac.com/"
  },
  {
    "municipality_name": "Central Huron",
    "municipality_type": "municipality",
    "base_url": "https://www.centralhuron.com/"
  },
  {
    "municipality_name": "Central Manitoulin",
    "municipality_type": "municipality",
    "base_url": "https://www.centralmanitoulin.ca/"
  },
  {
    "municipality_name": "Centre Hastings",
    "municipality_type": "municipality",
    "base_url": "https://www.centrehastings.com/"
  },
  {
    "municipality_name": "Centre Wellington",
    "municipality_type": "township",
    "base_url": "https://www.centrewellington.ca/en/index.aspx"
  },
  {
    "municipality_name": "Chamberlain",
    "municipality_type": "township",
    "base_url": "https://www.chamberlaintownship.com"
  },
  {
    "municipality_name": "Champlain",
    "municipality_type": "township",
    "base_url": "https://www.champlain.ca/en/index.aspx"
  },
  {
    "municipality_name": "Chapleau",
    "municipality_type": "township",
    "base_url": "https://chapleau.ca/"
  },
  {
    "municipality_name": "Chapple",
    "municipality_type": "township",
    "base_url": "https://www.chapple.on.ca/"
  },
  {
    "municipality_name": "Charlton and Dack",
    "municipality_type": "municipality",
    "base_url": "https://www.charltonanddack.com/"
  },
  {
    "municipality_name": "Chatham-Kent",
    "municipality_type": "municipality",
    "base_url": "https://www.chatham-kent.ca"
  },
  {
    "municipality_name": "Chatsworth",
    "municipality_type": "township",
    "base_url": "https://www.chatsworth.ca/"
  },
  {
    "municipality_name": "Chisholm",
    "municipality_type": "township",
    "base_url": "https://www.chisholm.ca/"
  },
  {
    "municipality_name": "Clarence-Rockland",
    "municipality_type": "city",
    "base_url": "https://www.clarence-rockland.com/"
  },
  {
    "municipality_name": "Clarington",
    "municipality_type": "municipality",
    "base_url": "https://www.clarington.net/"
  },
  {
    "municipality_name": "Clearview",
    "municipality_type": "township",
    "base_url": "https://www.clearview.ca/"
  },
  {
    "municipality_name": "Cobalt",
    "municipality_type": "town",
    "base_url": "https://www.cobalt.ca/"
  },
  {
    "municipality_name": "Cobourg",
    "municipality_type": "town",
    "base_url": "https://www.cobourg.ca/"
  },
  {
    "municipality_name": "Cochrane",
    "municipality_type": "town",
    "base_url": "https://cochraneontario.com/"
  },
  {
    "municipality_name": "Cockburn Island",
    "municipality_type": "township",
    "base_url": "https://www.cockburnisland.ca/"
  },
  {
    "municipality_name": "Coleman",
    "municipality_type": "township",
    "base_url": "https://www.colemantownship.ca/"
  },
  {
    "municipality_name": "Collingwood",
    "municipality_type": "town",
    "base_url": "https://www.collingwood.ca/"
  },
  {
    "municipality_name": "Conmee",
    "municipality_type": "township",
    "base_url": "https://www.conmee.com/"
  },
  {
    "municipality_name": "Cornwall",
    "municipality_type": "city",
    "base_url": "https://www.cornwall.ca/"
  },
  {
    "municipality_name": "Cramahe",
    "municipality_type": "township",
    "base_url": "https://www.visitcramahe.ca/"
  },
  {
    "municipality_name": "Dawn-Euphemia",
    "municipality_type": "township",
    "base_url": "https://dawneuphemia.ca/"
  },
  {
    "municipality_name": "Dawson",
    "municipality_type": "township",
    "base_url": "https://dawsontownship.weebly.com/"
  },
  {
    "municipality_name": "Deep River",
    "municipality_type": "town",
    "base_url": "https://www.deepriver.ca/"
  },
  {
    "municipality_name": "Deseronto",
    "municipality_type": "town",
    "base_url": "https://www.deseronto.ca/"
  },
  {
    "municipality_name": "Dorion",
    "municipality_type": "township",
    "base_url": "https://www.doriontownship.ca/"
  },
  {
    "municipality_name": "Douro-Dummer",
    "municipality_type": "township",
    "base_url": "https://www.dourodummer.on.ca/"
  },
  {
    "municipality_name": "Drummond/North Elmsley",
    "municipality_type": "township",
    "base_url": "https://www.dnetownship.ca/"
  },
  {
    "municipality_name": "Dryden",
    "municipality_type": "city",
    "base_url": "https://www.dryden.ca/"
  },
  {
    "municipality_name": "Dubreuilville",
    "municipality_type": "township",
    "base_url": "https://www.dubreuilville.ca/"
  },
  {
    "municipality_name": "Dufferin",
    "municipality_type": "county",
    "base_url": "https://www.dufferincounty.ca/"
  },
  {
    "municipality_name": "Durham",
    "municipality_type": "regional municipality",
    "base_url": "https://www.durham.ca/"
  },
  {
    "municipality_name": "Dutton/Dunwich",
    "municipality_type": "municipality",
    "base_url": "https://www.duttondunwich.on.ca/"
  },
  {
    "municipality_name": "Dysart et al",
    "municipality_type": "municipality",
    "base_url": "https://www.dysartetal.ca/"
  },
  {
    "municipality_name": "Ear Falls",
    "municipality_type": "township",
    "base_url": "https://www.ear-falls.com/"
  },
  {
    "municipality_name": "East Ferris",
    "municipality_type": "township",
    "base_url": "https://eastferris.ca/"
  },
  {
    "municipality_name": "East Garafraxa",
    "municipality_type": "township",
    "base_url": "https://www.eastgarafraxa.ca/en/index.aspx"
  },
  {
    "municipality_name": "East Gwillimbury",
    "municipality_type": "town",
    "base_url": "https://www.eastgwillimbury.ca/"
  },
  {
    "municipality_name": "East Hawkesbury",
    "municipality_type": "township",
    "base_url": "https://www.easthawkesbury.ca/"
  },
  {
    "municipality_name": "East Zorra-Tavistock",
    "municipality_type": "township",
    "base_url": "https://www.ezt.ca/en/index.aspx"
  },
  {
    "municipality_name": "Edwardsburgh/Cardinal",
    "municipality_type": "township",
    "base_url": "https://www.edwardsburghcardinal.ca/"
  },
  {
    "municipality_name": "Elgin",
    "municipality_type": "county",
    "base_url": "www.elgincounty.ca"
  },
  {
    "municipality_name": "Elizabethtown-Kitley",
    "municipality_type": "township",
    "base_url": "https://www.elizabethtown-kitley.on.ca/"
  },
  {
    "municipality_name": "Elliot Lake",
    "municipality_type": "city",
    "base_url": "https://www.cityofelliotlake.com/"
  },
  {
    "municipality_name": "Emo",
    "municipality_type": "township",
    "base_url": "https://www.twspemo.on.ca/"
  },
  {
    "municipality_name": "Englehart",
    "municipality_type": "town",
    "base_url": "https://www.englehart.ca/"
  },
  {
    "municipality_name": "Enniskillen",
    "municipality_type": "township",
    "base_url": "https://www.enniskillen.ca/"
  },
  {
    "municipality_name": "Erin",
    "municipality_type": "town",
    "base_url": "https://www.erin.ca/"
  },
  {
    "municipality_name": "Espanola",
    "municipality_type": "town",
    "base_url": "https://www.espanola.ca/"
  },
  {
    "municipality_name": "Essa",
    "municipality_type": "township",
    "base_url": "https://www.essatownship.on.ca/"
  },
  {
    "municipality_name": "Essex",
    "municipality_type": "county",
    "base_url": "https://www.countyofessex.on.ca/"
  },
  {
    "municipality_name": "Essex",
    "municipality_type": "town",
    "base_url": "https://www.townofessex.on.ca/"
  },
  {
    "municipality_name": "Evanturel",
    "municipality_type": "township",
    "base_url": "https://www.evanturel.com/"
  },
  {
    "municipality_name": "Faraday",
    "municipality_type": "township",
    "base_url": "https://www.faraday.ca/"
  },
  {
    "municipality_name": "Fauquier-Strickland",
    "municipality_type": "township",
    "base_url": "https://www.fauquierstrickland.com/"
  },
  {
    "municipality_name": "Fort Erie",
    "municipality_type": "town",
    "base_url": "https://www.forterie.on.ca/"
  },
  {
    "municipality_name": "Fort Frances",
    "municipality_type": "town",
    "base_url": "https://www.fort-frances.com/"
  },
  {
    "municipality_name": "French River",
    "municipality_type": "municipality",
    "base_url": "https://www.frenchriver.ca/"
  },
  {
    "municipality_name": "Front of Yonge",
    "municipality_type": "township",
    "base_url": "https://mallorytown.ca/"
  },
  {
    "municipality_name": "Frontenac",
    "municipality_type": "county",
    "base_url": "https://frontenacislands.ca/"
  },
  {
    "municipality_name": "Frontenac Islands",
    "municipality_type": "township",
    "base_url": "https://municipality.frontenacislands.on.ca/"
  },
  {
    "municipality_name": "Gananoque",
    "municipality_type": "town",
    "base_url": "https://www.gananoque.ca/"
  },
  {
    "municipality_name": "",
    "municipality_type": "",
    "base_url": null
  },
  {
    "municipality_name": "Georgian Bay",
    "municipality_type": "township",
    "base_url": "https://www.gbtownship.ca/"
  },
  {
    "municipality_name": "Georgian Bluffs",
    "municipality_type": "township",
    "base_url": "https://www.georgianbluffs.ca/en/index.aspx"
  },
  {
    "municipality_name": "Georgina",
    "municipality_type": "town",
    "base_url": "https://www.georgina.ca/"
  },
  {
    "municipality_name": "Gillies",
    "municipality_type": "township",
    "base_url": "https://www.gilliestownship.com/"
  },
  {
    "municipality_name": "Goderich",
    "municipality_type": "town",
    "base_url": "https://www.goderich.ca/"
  },
  {
    "municipality_name": "Gordon/Barrie Island",
    "municipality_type": "municipality",
    "base_url": "https://www.gordonbarrieisland.ca/"
  },
  {
    "municipality_name": "Gore Bay",
    "municipality_type": "town",
    "base_url": "https://www.gorebay.ca/"
  },
  {
    "municipality_name": "Grand Valley",
    "municipality_type": "town",
    "base_url": "https://www.eastluthergrandvalley.ca/"
  },
  {
    "municipality_name": "Gravenhurst",
    "municipality_type": "town",
    "base_url": "https://www.gravenhurst.ca/"
  },
  {
    "municipality_name": "Greater Madawaska",
    "municipality_type": "township",
    "base_url": "https://www.greatermadawaska.com/"
  },
  {
    "municipality_name": "Greater Napanee",
    "municipality_type": "town",
    "base_url": "https://www.greaternapanee.com/en/index.aspx"
  },
  {
    "municipality_name": "Greater Sudbury",
    "municipality_type": "city",
    "base_url": "https://www.greatersudbury.ca/"
  },
  {
    "municipality_name": "Greenstone",
    "municipality_type": "municipality",
    "base_url": "https://www.greenstone.ca/"
  },
  {
    "municipality_name": "Grey",
    "municipality_type": "county",
    "base_url": "https://www.grey.ca/"
  },
  {
    "municipality_name": "Grey Highlands",
    "municipality_type": "municipality",
    "base_url": "https://www.greyhighlands.ca/"
  },
  {
    "municipality_name": "Grimsby",
    "municipality_type": "town",
    "base_url": "https://www.town.grimsby.on.ca/"
  },
  {
    "municipality_name": "Guelph",
    "municipality_type": "city",
    "base_url": "https://www.guelph.ca/"
  },
  {
    "municipality_name": "Guelph/Eramosa",
    "municipality_type": "township",
    "base_url": "https://www.get.on.ca/"
  },
  {
    "municipality_name": "Haldimand County",
    "municipality_type": "",
    "base_url": "https://www.haldimandcounty.on.ca/"
  },
  {
    "municipality_name": "Haliburton",
    "municipality_type": "county",
    "base_url": "https://haliburtoncounty.ca/"
  },
  {
    "municipality_name": "Halton",
    "municipality_type": "regional municipality",
    "base_url": "https://www.halton.ca/"
  },
  {
    "municipality_name": "Halton Hills",
    "municipality_type": "town",
    "base_url": "https://www.haltonhills.ca/"
  },
  {
    "municipality_name": "Hamilton",
    "municipality_type": "city",
    "base_url": "https://www.hamilton.ca/"
  },
  {
    "municipality_name": "Hamilton",
    "municipality_type": "township",
    "base_url": "https://www.hamiltontownship.ca/"
  },
  {
    "municipality_name": "Hanover",
    "municipality_type": "town",
    "base_url": "https://www.hanover.ca/"
  },
  {
    "municipality_name": "Harley",
    "municipality_type": "township",
    "base_url": "https://www.harley.ca/"
  },
  {
    "municipality_name": "Harris",
    "municipality_type": "township",
    "base_url": "https://harristownship.weebly.com/"
  },
  {
    "municipality_name": "Hastings",
    "municipality_type": "county",
    "base_url": "https://www.hastingscounty.com/"
  },
  {
    "municipality_name": "Hastings Highlands",
    "municipality_type": "municipality",
    "base_url": "https://www.hastingshighlands.ca/"
  },
  {
    "municipality_name": "Havelock-Belmont-Methuen",
    "municipality_type": "township",
    "base_url": "https://www.hbmtwp.ca/"
  },
  {
    "municipality_name": "Hawkesbury",
    "municipality_type": "town",
    "base_url": "https://www.hawkesbury.ca/en/"
  },
  {
    "municipality_name": "Head",
    "municipality_type": "clara and maria, township",
    "base_url": "https://townshipsofheadclaramaria.ca/"
  },
  {
    "municipality_name": "Hearst",
    "municipality_type": "town",
    "base_url": "https://www.hearst.ca/"
  },
  {
    "municipality_name": "Highlands East",
    "municipality_type": "municipality",
    "base_url": "https://www.highlandseast.ca/"
  },
  {
    "municipality_name": "Hilliard",
    "municipality_type": "township",
    "base_url": "https://townshipofhilliard.ca/"
  },
  {
    "municipality_name": "Hilton",
    "municipality_type": "township",
    "base_url": "https://www.hiltontownship.ca/"
  },
  {
    "municipality_name": "Hilton Beach",
    "municipality_type": "village",
    "base_url": "https://www.hiltonbeach.com/"
  },
  {
    "municipality_name": "Hornepayne",
    "municipality_type": "township",
    "base_url": "https://www.townshipofhornepayne.ca/"
  },
  {
    "municipality_name": "Horton",
    "municipality_type": "township",
    "base_url": "https://www.hortontownship.ca/"
  },
  {
    "municipality_name": "Howick",
    "municipality_type": "township",
    "base_url": "https://howick.ca/"
  },
  {
    "municipality_name": "Hudson",
    "municipality_type": "township",
    "base_url": "https://Hudson.ca"
  },
  {
    "municipality_name": "Huntsville",
    "municipality_type": "town",
    "base_url": "https://www.huntsville.ca/en/index.aspx"
  },
  {
    "municipality_name": "Huron",
    "municipality_type": "county",
    "base_url": "https://www.huroncounty.ca/"
  },
  {
    "municipality_name": "Huron East",
    "municipality_type": "municipality",
    "base_url": "https://www.huroneast.com/"
  },
  {
    "municipality_name": "Huron Shores",
    "municipality_type": "municipality",
    "base_url": "https://www.huronshores.ca/"
  },
  {
    "municipality_name": "Huron-Kinloss",
    "municipality_type": "township",
    "base_url": "https://www.huronkinloss.com/"
  },
  {
    "municipality_name": "Ignace",
    "municipality_type": "township",
    "base_url": "https://town.ignace.on.ca/"
  },
  {
    "municipality_name": "Ingersoll",
    "municipality_type": "town",
    "base_url": "https://www.ingersoll.ca/"
  },
  {
    "municipality_name": "Innisfil",
    "municipality_type": "town",
    "base_url": "https://innisfil.ca/"
  },
  {
    "municipality_name": "Iroquois Falls",
    "municipality_type": "town",
    "base_url": "https://www.iroquoisfalls.com/home"
  },
  {
    "municipality_name": "James",
    "municipality_type": "township",
    "base_url": "https://www.elklake.ca/"
  },
  {
    "municipality_name": "Jocelyn",
    "municipality_type": "township",
    "base_url": "https://jocelyn.ca/"
  },
  {
    "municipality_name": "Johnson",
    "municipality_type": "township",
    "base_url": "https://johnsontownship.ca/"
  },
  {
    "municipality_name": "Joly",
    "municipality_type": "township",
    "base_url": "https://www.townshipofjoly.com/"
  },
  {
    "municipality_name": "Kapuskasing",
    "municipality_type": "town",
    "base_url": "https://www.kapuskasing.ca/"
  },
  {
    "municipality_name": "Kawartha Lakes",
    "municipality_type": "city",
    "base_url": "https://www.city.kawarthalakes.on.ca/"
  },
  {
    "municipality_name": "Kearney",
    "municipality_type": "town",
    "base_url": "https://www.townofkearney.com/"
  },
  {
    "municipality_name": "Kenora",
    "municipality_type": "city",
    "base_url": "https://www.kenora.ca/"
  },
  {
    "municipality_name": "Kerns",
    "municipality_type": "township",
    "base_url": "https://kerns.ca"
  },
  {
    "municipality_name": "Killaloe",
    "municipality_type": "hagarty and richards, township",
    "base_url": "https://www.killaloe-hagarty-richards.ca/"
  },
  {
    "municipality_name": "Killarney",
    "municipality_type": "municipality",
    "base_url": "https://www.municipalityofkillarney.ca/"
  },
  {
    "municipality_name": "Kincardine",
    "municipality_type": "municipality",
    "base_url": "https://www.kincardine.ca/en/index.aspx"
  },
  {
    "municipality_name": "King",
    "municipality_type": "township",
    "base_url": "https://www.king.ca/"
  },
  {
    "municipality_name": "Kingston",
    "municipality_type": "city",
    "base_url": "https://www.cityofkingston.ca/"
  },
  {
    "municipality_name": "Kingsville",
    "municipality_type": "town",
    "base_url": "https://www.kingsville.ca/en/index.aspx"
  },
  {
    "municipality_name": "Kirkland Lake",
    "municipality_type": "town",
    "base_url": "https://www.discoverkl.ca/"
  },
  {
    "municipality_name": "Kitchener",
    "municipality_type": "city",
    "base_url": "https://www.kitchener.ca/"
  },
  {
    "municipality_name": "La Vallee",
    "municipality_type": "township",
    "base_url": "https://www.lavallee.ca/"
  },
  {
    "municipality_name": "LaSalle",
    "municipality_type": "town",
    "base_url": "https://www.town.lasalle.on.ca/"
  },
  {
    "municipality_name": "Laird",
    "municipality_type": "township",
    "base_url": "https://www.lairdtownship.ca/"
  },
  {
    "municipality_name": "Lake of Bays",
    "municipality_type": "township",
    "base_url": "https://www.lakeofbays.on.ca/"
  },
  {
    "municipality_name": "Lake of the Woods",
    "municipality_type": "township",
    "base_url": "https://www.lakeofthewoods.ca/"
  },
  {
    "municipality_name": "Lakeshore",
    "municipality_type": "municipality",
    "base_url": "https://www.townoflakeshore.on.ca/"
  },
  {
    "municipality_name": "Lambton",
    "municipality_type": "county",
    "base_url": "https://www.lambtononline.ca/"
  },
  {
    "municipality_name": "Lambton Shores",
    "municipality_type": "municipality",
    "base_url": "https://www.lambtonshores.ca/"
  },
  {
    "municipality_name": "Lanark",
    "municipality_type": "county",
    "base_url": "https://www.lanarkcounty.ca/en/index.aspx"
  },
  {
    "municipality_name": "Lanark Highlands",
    "municipality_type": "township",
    "base_url": "https://www.lanarkhighlands.ca/"
  },
  {
    "municipality_name": "Larder Lake",
    "municipality_type": "township",
    "base_url": "https://larderlake.ca/"
  },
  {
    "municipality_name": "Latchford",
    "municipality_type": "town",
    "base_url": "https://www.latchford.ca/"
  },
  {
    "municipality_name": "Laurentian Hills",
    "municipality_type": "town",
    "base_url": "https://www.laurentianhills.ca/"
  },
  {
    "municipality_name": "Laurentian Valley",
    "municipality_type": "township",
    "base_url": "https://www.laurentianvalleytwsp.on.ca/"
  },
  {
    "municipality_name": "Leamington",
    "municipality_type": "municipality",
    "base_url": "https://www.leamington.ca/"
  },
  {
    "municipality_name": "Leeds and Grenville",
    "municipality_type": "united counties",
    "base_url": "https://www.leedsgrenville.com/en/index.aspx"
  },
  {
    "municipality_name": "Leeds and the Thousand Islands",
    "municipality_type": "township",
    "base_url": "https://www.townshipleeds.on.ca/"
  },
  {
    "municipality_name": "Lennox and Addington",
    "municipality_type": "county",
    "base_url": "https://www.lennox-addington.on.ca/"
  },
  {
    "municipality_name": "Limerick",
    "municipality_type": "township",
    "base_url": "https://www.township.limerick.on.ca/"
  },
  {
    "municipality_name": "Lincoln",
    "municipality_type": "town",
    "base_url": "https://www.lincoln.ca/"
  },
  {
    "municipality_name": "London",
    "municipality_type": "city",
    "base_url": "https://www.london.ca/"
  },
  {
    "municipality_name": "Loyalist",
    "municipality_type": "township",
    "base_url": "https://www.loyalist.ca/"
  },
  {
    "municipality_name": "Lucan Biddulph",
    "municipality_type": "township",
    "base_url": "https://www.lucanbiddulph.on.ca/"
  },
  {
    "municipality_name": "Macdonald",
    "municipality_type": "meredith and aberdeen additional, township",
    "base_url": "https://www.echobay.ca/"
  },
  {
    "municipality_name": "Machar",
    "municipality_type": "township",
    "base_url": "https://www.machartownship.net/"
  },
  {
    "municipality_name": "Machin",
    "municipality_type": "township",
    "base_url": "https://www.visitmachin.com/"
  },
  {
    "municipality_name": "Madawaska Valley",
    "municipality_type": "township",
    "base_url": "https://www.madawaskavalley.ca/"
  },
  {
    "municipality_name": "Madoc",
    "municipality_type": "township",
    "base_url": "https://www.madoc.ca/"
  },
  {
    "municipality_name": "Magnetawan",
    "municipality_type": "municipality",
    "base_url": "https://www.magnetawan.com/"
  },
  {
    "municipality_name": "Malahide",
    "municipality_type": "township",
    "base_url": "https://www.malahide.ca/"
  },
  {
    "municipality_name": "Manitouwadge",
    "municipality_type": "township",
    "base_url": "https://www.manitouwadge.ca/"
  },
  {
    "municipality_name": "Mapleton",
    "municipality_type": "township",
    "base_url": "https://www.mapleton.ca/"
  },
  {
    "municipality_name": "Marathon",
    "municipality_type": "town",
    "base_url": "https://www.marathon.ca/"
  },
  {
    "municipality_name": "Markham",
    "municipality_type": "city",
    "base_url": "https://www.markham.ca/"
  },
  {
    "municipality_name": "Markstay-Warren",
    "municipality_type": "municipality",
    "base_url": "https://www.markstay-warren.ca/"
  },
  {
    "municipality_name": "Marmora and Lake",
    "municipality_type": "municipality",
    "base_url": "https://www.marmoraandlake.ca/"
  },
  {
    "municipality_name": "Matachewan",
    "municipality_type": "township",
    "base_url": "https://www.matachewan.com/"
  },
  {
    "municipality_name": "Mattawa",
    "municipality_type": "town",
    "base_url": "https://www.mattawa.ca/"
  },
  {
    "municipality_name": "Mattawan",
    "municipality_type": "municipality",
    "base_url": "https://mattawan.ca/"
  },
  {
    "municipality_name": "Mattice-Val Côté",
    "municipality_type": "township",
    "base_url": "https://www.matticevalcote.ca/"
  },
  {
    "municipality_name": "McDougall",
    "municipality_type": "township",
    "base_url": "https://www.municipalityofmcdougall.com/"
  },
  {
    "municipality_name": "McGarry",
    "municipality_type": "township",
    "base_url": "https://www.mcgarry.ca/"
  },
  {
    "municipality_name": "McKellar",
    "municipality_type": "township",
    "base_url": "https://www.mckellar.ca/en/index.aspx"
  },
  {
    "municipality_name": "McMurrich/Monteith",
    "municipality_type": "township",
    "base_url": "https://www.mcmurrichmonteith.com/"
  },
  {
    "municipality_name": "McNab/Braeside",
    "municipality_type": "township",
    "base_url": "https://mcnabbraeside.com/"
  },
  {
    "municipality_name": "Meaford",
    "municipality_type": "municipality",
    "base_url": "https://meaford.ca/"
  },
  {
    "municipality_name": "Melancthon",
    "municipality_type": "township",
    "base_url": "https://melancthontownship.ca/"
  },
  {
    "municipality_name": "Merrickville-Wolford",
    "municipality_type": "village",
    "base_url": "https://www.merrickville-wolford.ca/"
  },
  {
    "municipality_name": "Middlesex",
    "municipality_type": "county",
    "base_url": "https://www.middlesex.ca/"
  },
  {
    "municipality_name": "Middlesex Centre",
    "municipality_type": "municipality",
    "base_url": "https://www.middlesexcentre.on.ca/"
  },
  {
    "municipality_name": "Midland",
    "municipality_type": "town",
    "base_url": "https://www.midland.ca/"
  },
  {
    "municipality_name": "Milton",
    "municipality_type": "town",
    "base_url": "https://www.milton.ca/"
  },
  {
    "municipality_name": "Minden Hills",
    "municipality_type": "township",
    "base_url": "https://www.mindenhills.ca/"
  },
  {
    "municipality_name": "Minto",
    "municipality_type": "town",
    "base_url": "https://www.town.minto.on.ca/"
  },
  {
    "municipality_name": "Mississauga",
    "municipality_type": "city",
    "base_url": "https://www.mississauga.ca/"
  },
  {
    "municipality_name": "Mississippi Mills",
    "municipality_type": "municipality",
    "base_url": "https://www.mississippimills.ca/"
  },
  {
    "municipality_name": "Mono",
    "municipality_type": "town",
    "base_url": "https://www.townofmono.com/"
  },
  {
    "municipality_name": "Montague",
    "municipality_type": "township",
    "base_url": "https://www.township.montague.on.ca/"
  },
  {
    "municipality_name": "Moonbeam",
    "municipality_type": "township",
    "base_url": "https://www.moonbeam.ca/"
  },
  {
    "municipality_name": "Moosonee",
    "municipality_type": "town",
    "base_url": "https://www.moosonee.ca/"
  },
  {
    "municipality_name": "Morley",
    "municipality_type": "township",
    "base_url": "https://www.townshipofmorley.ca/"
  },
  {
    "municipality_name": "Morris-Turnberry",
    "municipality_type": "municipality",
    "base_url": "https://morristurnberry.ca/"
  },
  {
    "municipality_name": "Mulmur",
    "municipality_type": "township",
    "base_url": "https://www.mulmurtownship.ca./"
  },
  {
    "municipality_name": "Muskoka",
    "municipality_type": "district municipality",
    "base_url": "https://www.muskoka.on.ca/"
  },
  {
    "municipality_name": "Muskoka Lakes",
    "municipality_type": "township",
    "base_url": "https://www.muskokalakes.ca/"
  },
  {
    "municipality_name": "Nairn and Hyman",
    "municipality_type": "township",
    "base_url": "https://www.nairncentre.ca/"
  },
  {
    "municipality_name": "Neebing",
    "municipality_type": "municipality",
    "base_url": "https://www.neebing.org/"
  },
  {
    "municipality_name": "New Tecumseth",
    "municipality_type": "town",
    "base_url": "https://www.town.newtecumseth.on.ca/"
  },
  {
    "municipality_name": "Newbury",
    "municipality_type": "village",
    "base_url": "https://www.newbury.ca/"
  },
  {
    "municipality_name": "Newmarket",
    "municipality_type": "town",
    "base_url": "https://www.newmarket.ca/"
  },
  {
    "municipality_name": "Niagara",
    "municipality_type": "regional municipality",
    "base_url": "https://www.niagararegion.ca/"
  },
  {
    "municipality_name": "Niagara Falls",
    "municipality_type": "city",
    "base_url": "https://www.niagarafalls.ca/"
  },
  {
    "municipality_name": "Niagara-on-the-Lake",
    "municipality_type": "town",
    "base_url": "https://www.notl.org/"
  },
  {
    "municipality_name": "Nipigon",
    "municipality_type": "township",
    "base_url": "https://www.nipigon.net/"
  },
  {
    "municipality_name": "Nipissing",
    "municipality_type": "township",
    "base_url": "https://nipissingtownship.com/"
  },
  {
    "municipality_name": "Norfolk County",
    "municipality_type": "",
    "base_url": "https://www.norfolkcounty.ca/"
  },
  {
    "municipality_name": "North Algona Wilberforce",
    "municipality_type": "township",
    "base_url": "https://www.nalgonawil.com/"
  },
  {
    "municipality_name": "North Bay",
    "municipality_type": "city",
    "base_url": "https://www.cityofnorthbay.ca/"
  },
  {
    "municipality_name": "North Dumfries",
    "municipality_type": "township",
    "base_url": "https://www.northdumfries.ca/"
  },
  {
    "municipality_name": "North Dundas",
    "municipality_type": "township",
    "base_url": "https://www.northdundas.com/"
  },
  {
    "municipality_name": "North Frontenac",
    "municipality_type": "township",
    "base_url": "https://www.northfrontenac.ca/"
  },
  {
    "municipality_name": "North Glengarry",
    "municipality_type": "township",
    "base_url": "https://www.northglengarry.ca/"
  },
  {
    "municipality_name": "North Grenville",
    "municipality_type": "municipality",
    "base_url": "https://www.northgrenville.ca/"
  },
  {
    "municipality_name": "North Huron",
    "municipality_type": "township",
    "base_url": "https://www.northhuron.ca/"
  },
  {
    "municipality_name": "North Kawartha",
    "municipality_type": "township",
    "base_url": "https://www.northkawartha.on.ca/"
  },
  {
    "municipality_name": "North Middlesex",
    "municipality_type": "municipality",
    "base_url": "https://www.northmiddlesex.on.ca/"
  },
  {
    "municipality_name": "North Perth",
    "municipality_type": "municipality",
    "base_url": "https://www.northperth.ca/"
  },
  {
    "municipality_name": "North Stormont",
    "municipality_type": "township",
    "base_url": "https://www.northstormont.ca/"
  },
  {
    "municipality_name": "Northeastern Manitoulin and The Islands",
    "municipality_type": "town",
    "base_url": "https://www.townofnemi.on.ca/"
  },
  {
    "municipality_name": "Northern Bruce Peninsula",
    "municipality_type": "municipality",
    "base_url": "https://www.northbrucepeninsula.ca/"
  },
  {
    "municipality_name": "Northumberland",
    "municipality_type": "county",
    "base_url": "https://northumberland.ca/"
  },
  {
    "municipality_name": "Norwich",
    "municipality_type": "township",
    "base_url": "https://www.twp.norwich.on.ca/"
  },
  {
    "municipality_name": "O’Connor",
    "municipality_type": "township",
    "base_url": "https://www.oconnortownship.ca/"
  },
  {
    "municipality_name": "Oakville",
    "municipality_type": "town",
    "base_url": "https://www.oakville.ca/"
  },
  {
    "municipality_name": "Oil Springs",
    "municipality_type": "village",
    "base_url": "https://www.oilsprings.ca/"
  },
  {
    "municipality_name": "Oliver Paipoonge",
    "municipality_type": "municipality",
    "base_url": "https://www.oliverpaipoonge.on.ca/"
  },
  {
    "municipality_name": "Opasatika",
    "municipality_type": "township",
    "base_url": "https://opasatika.net/"
  },
  {
    "municipality_name": "Orangeville",
    "municipality_type": "town",
    "base_url": "https://www.orangeville.ca/"
  },
  {
    "municipality_name": "Orillia",
    "municipality_type": "city",
    "base_url": "https://www.orillia.ca/"
  },
  {
    "municipality_name": "Oro-Medonte",
    "municipality_type": "township",
    "base_url": "https://www.oro-medonte.ca/"
  },
  {
    "municipality_name": "Oshawa",
    "municipality_type": "city",
    "base_url": "https://www.oshawa.ca/en/index.aspx"
  },
  {
    "municipality_name": "Otonabee-South Monaghan",
    "municipality_type": "township",
    "base_url": "https://www.osmtownship.ca/"
  },
  {
    "municipality_name": "Ottawa",
    "municipality_type": "city",
    "base_url": "https://ottawa.ca/en"
  },
  {
    "municipality_name": "Owen Sound",
    "municipality_type": "city",
    "base_url": "https://www.owensound.ca/"
  },
  {
    "municipality_name": "Oxford",
    "municipality_type": "county",
    "base_url": "https://www.oxfordcounty.ca/"
  },
  {
    "municipality_name": "Papineau-Cameron",
    "municipality_type": "township",
    "base_url": "https://www.papineaucameron.ca/"
  },
  {
    "municipality_name": "Parry Sound",
    "municipality_type": "town",
    "base_url": "https://www.townofparrysound.com/"
  },
  {
    "municipality_name": "Peel",
    "municipality_type": "regional municipality",
    "base_url": "https://www.peelregion.ca/"
  },
  {
    "municipality_name": "Pelee",
    "municipality_type": "township",
    "base_url": "https://www.pelee.org/"
  },
  {
    "municipality_name": "Pelham",
    "municipality_type": "town",
    "base_url": "https://www.pelham.ca/"
  },
  {
    "municipality_name": "Pembroke",
    "municipality_type": "city",
    "base_url": "https://www.pembrokeontario.com/"
  },
  {
    "municipality_name": "Penetanguishene",
    "municipality_type": "town",
    "base_url": "https://www.penetanguishene.ca/"
  },
  {
    "municipality_name": "Perry",
    "municipality_type": "township",
    "base_url": "https://www.townshipofperry.ca/"
  },
  {
    "municipality_name": "Perth",
    "municipality_type": "town",
    "base_url": "https://www.perth.ca/en/index.aspx"
  },
  {
    "municipality_name": "Perth",
    "municipality_type": "county",
    "base_url": "https://www.perthcounty.ca/"
  },
  {
    "municipality_name": "Perth East",
    "municipality_type": "township",
    "base_url": "https://www.pertheast.ca/en/index.aspx"
  },
  {
    "municipality_name": "Perth South",
    "municipality_type": "township",
    "base_url": "https://www.perthsouth.ca/"
  },
  {
    "municipality_name": "Petawawa",
    "municipality_type": "town",
    "base_url": "https://www.petawawa.ca/"
  },
  {
    "municipality_name": "Peterborough",
    "municipality_type": "county",
    "base_url": "https://www.ptbocounty.ca/en/index.aspx"
  },
  {
    "municipality_name": "Peterborough",
    "municipality_type": "city",
    "base_url": "https://www.peterborough.ca/"
  },
  {
    "municipality_name": "Petrolia",
    "municipality_type": "town",
    "base_url": "https://town.petrolia.on.ca/"
  },
  {
    "municipality_name": "Pickering",
    "municipality_type": "city",
    "base_url": "https://www.pickering.ca/en/index.aspx"
  },
  {
    "municipality_name": "Pickle Lake",
    "municipality_type": "township",
    "base_url": "https://www.picklelake.ca/"
  },
  {
    "municipality_name": "Plummer Additional",
    "municipality_type": "township",
    "base_url": "https://copperbaywebdesign.com/plummer_index.html"
  },
  {
    "municipality_name": "Plympton-Wyoming",
    "municipality_type": "town",
    "base_url": "https://plympton-wyoming.com/"
  },
  {
    "municipality_name": "Point Edward",
    "municipality_type": "village",
    "base_url": "https://www.villageofpointedward.com/"
  },
  {
    "municipality_name": "Port Colborne",
    "municipality_type": "city",
    "base_url": "https://www.portcolborne.ca/"
  },
  {
    "municipality_name": "Port Hope",
    "municipality_type": "municipality",
    "base_url": "https://www.porthope.ca/"
  },
  {
    "municipality_name": "Powassan",
    "municipality_type": "municipality",
    "base_url": "https://www.powassan.net/"
  },
  {
    "municipality_name": "Prescott",
    "municipality_type": "town",
    "base_url": "https://www.prescott.ca/"
  },
  {
    "municipality_name": "Prescott and Russell",
    "municipality_type": "united counties",
    "base_url": "https://www.prescott-russell.on.ca/"
  },
  {
    "municipality_name": "Prince",
    "municipality_type": "township",
    "base_url": "https://www.princetwp.ca/"
  },
  {
    "municipality_name": "Prince Edward",
    "municipality_type": "county",
    "base_url": "https://www.pecounty.on.ca/"
  },
  {
    "municipality_name": "Puslinch",
    "municipality_type": "township",
    "base_url": "https://puslinch.ca/"
  },
  {
    "municipality_name": "Quinte West",
    "municipality_type": "city",
    "base_url": "https://www.quintewest.ca/"
  },
  {
    "municipality_name": "Rainy River",
    "municipality_type": "town",
    "base_url": "https://www.rainyriver.ca/"
  },
  {
    "municipality_name": "Ramara",
    "municipality_type": "township",
    "base_url": "https://www.ramara.ca/"
  },
  {
    "municipality_name": "Red Lake",
    "municipality_type": "municipality",
    "base_url": "https://www.red-lake.com/"
  },
  {
    "municipality_name": "Red Rock",
    "municipality_type": "township",
    "base_url": "https://www.redrocktownship.com/"
  },
  {
    "municipality_name": "Renfrew",
    "municipality_type": "county",
    "base_url": "https://www.countyofrenfrew.on.ca/"
  },
  {
    "municipality_name": "Renfrew",
    "municipality_type": "town",
    "base_url": "https://www.renfrewontario.com/"
  },
  {
    "municipality_name": "Richmond Hill",
    "municipality_type": "city",
    "base_url": "https://www.richmondhill.ca/"
  },
  {
    "municipality_name": "Rideau Lakes",
    "municipality_type": "township",
    "base_url": "https://www.twprideaulakes.on.ca/"
  },
  {
    "municipality_name": "Russell",
    "municipality_type": "township",
    "base_url": "https://www.russell.ca/"
  },
  {
    "municipality_name": "Ryerson",
    "municipality_type": "township",
    "base_url": "https://www.ryersontownship.ca/"
  },
  {
    "municipality_name": "Sables-Spanish Rivers",
    "municipality_type": "township",
    "base_url": "https://www.sables-spanish.ca/"
  },
  {
    "municipality_name": "Sarnia",
    "municipality_type": "city",
    "base_url": "https://www.sarnia.ca/"
  },
  {
    "municipality_name": "Saugeen Shores",
    "municipality_type": "town",
    "base_url": "https://www.saugeenshores.ca/"
  },
  {
    "municipality_name": "Sault Ste. Marie",
    "municipality_type": "city",
    "base_url": "https://saultstemarie.ca/"
  },
  {
    "municipality_name": "Schreiber",
    "municipality_type": "township",
    "base_url": "https://www.schreiber.ca/"
  },
  {
    "municipality_name": "Scugog",
    "municipality_type": "township",
    "base_url": "https://www.scugog.ca/en/index.aspx"
  },
  {
    "municipality_name": "Seguin",
    "municipality_type": "township",
    "base_url": "https://www.twp.seguin.on.ca/"
  },
  {
    "municipality_name": "Selwyn",
    "municipality_type": "township",
    "base_url": "https://www.selwyntownship.ca/en/index.asp"
  },
  {
    "municipality_name": "Severn",
    "municipality_type": "township",
    "base_url": "https://www.townshipofsevern.com/"
  },
  {
    "municipality_name": "Shelburne",
    "municipality_type": "town",
    "base_url": "https://www.townofshelburne.on.ca/"
  },
  {
    "municipality_name": "Shuniah",
    "municipality_type": "municipality",
    "base_url": "https://www.shuniah.org/"
  },
  {
    "municipality_name": "Simcoe",
    "municipality_type": "county",
    "base_url": "https://www.simcoe.ca/"
  },
  {
    "municipality_name": "Sioux Lookout",
    "municipality_type": "municipality",
    "base_url": "https://www.siouxlookout.ca/"
  },
  {
    "municipality_name": "Sioux Narrows-Nestor Falls",
    "municipality_type": "township",
    "base_url": "https://www.siouxnarrows-nestorfalls.ca/"
  },
  {
    "municipality_name": "Smiths Falls",
    "municipality_type": "town",
    "base_url": "https://www.smithsfalls.ca/"
  },
  {
    "municipality_name": "Smooth Rock Falls",
    "municipality_type": "town",
    "base_url": "https://www.townofsmoothrockfalls.ca/"
  },
  {
    "municipality_name": "South Algonquin",
    "municipality_type": "township",
    "base_url": "https://www.township.southalgonquin.on.ca/"
  },
  {
    "municipality_name": "South Bruce",
    "municipality_type": "municipality",
    "base_url": "https://www.town.southbruce.on.ca/"
  },
  {
    "municipality_name": "South Bruce Peninsula",
    "municipality_type": "town",
    "base_url": "https://www.southbrucepeninsula.com/"
  },
  {
    "municipality_name": "South Dundas",
    "municipality_type": "municipality",
    "base_url": "https://www.southdundas.com/"
  },
  {
    "municipality_name": "South Frontenac",
    "municipality_type": "township",
    "base_url": "https://www.township.southfrontenac.on.ca/"
  },
  {
    "municipality_name": "South Glengarry",
    "municipality_type": "township",
    "base_url": "https://southglengarry.com/"
  },
  {
    "municipality_name": "South Huron",
    "municipality_type": "municipality",
    "base_url": "https://www.southhuron.ca/"
  },
  {
    "municipality_name": "South River",
    "municipality_type": "village",
    "base_url": "https://www.southriverontario.com/"
  },
  {
    "municipality_name": "South Stormont",
    "municipality_type": "township",
    "base_url": "https://southstormont.ca/"
  },
  {
    "municipality_name": "South-West Oxford",
    "municipality_type": "township",
    "base_url": "https://www.swox.org/"
  },
  {
    "municipality_name": "Southgate",
    "municipality_type": "township",
    "base_url": "https://www.southgate.ca/en/index.aspx"
  },
  {
    "municipality_name": "Southwest Middlesex",
    "municipality_type": "municipality",
    "base_url": "https://www.southwestmiddlesex.ca/"
  },
  {
    "municipality_name": "Southwold",
    "municipality_type": "township",
    "base_url": "https://www.twp.southwold.on.ca/"
  },
  {
    "municipality_name": "Spanish",
    "municipality_type": "town",
    "base_url": "https://www.townofspanish.com/"
  },
  {
    "municipality_name": "Springwater",
    "municipality_type": "township",
    "base_url": "https://www.springwater.ca/"
  },
  {
    "municipality_name": "St. Catharines",
    "municipality_type": "city",
    "base_url": "https://www.stcatharines.ca/"
  },
  {
    "municipality_name": "St. Clair",
    "municipality_type": "township",
    "base_url": "https://www.twp.stclair.on.ca/"
  },
  {
    "municipality_name": "St. Joseph",
    "municipality_type": "township",
    "base_url": "https://www.stjosephtownship.com/"
  },
  {
    "municipality_name": "St. Marys",
    "municipality_type": "town",
    "base_url": "https://www.townofstmarys.com/"
  },
  {
    "municipality_name": "St. Thomas",
    "municipality_type": "city",
    "base_url": "https://www.stthomas.ca/"
  },
  {
    "municipality_name": "St.-Charles",
    "municipality_type": "municipality",
    "base_url": "https://www.stcharlesontario.ca/"
  },
  {
    "municipality_name": "Stirling-Rawdon",
    "municipality_type": "township",
    "base_url": "https://www.stirling-rawdon.com/"
  },
  {
    "municipality_name": "Stone Mills",
    "municipality_type": "township",
    "base_url": "https://www.stonemills.com/"
  },
  {
    "municipality_name": "Stormont",
    "municipality_type": "dundas and glengarry, united counties",
    "base_url": "https://www.sdg.on.ca/"
  },
  {
    "municipality_name": "Stratford",
    "municipality_type": "city",
    "base_url": "https://www.stratford.ca/en/index.aspx"
  },
  {
    "municipality_name": "Strathroy-Caradoc",
    "municipality_type": "municipality",
    "base_url": "https://www.strathroy-caradoc.ca/"
  },
  {
    "municipality_name": "Strong",
    "municipality_type": "township",
    "base_url": "https://www.strongtownship.com/"
  },
  {
    "municipality_name": "Sundridge",
    "municipality_type": "village",
    "base_url": "https://www.sundridge.ca/"
  },
  {
    "municipality_name": "Tarbutt",
    "municipality_type": "township",
    "base_url": "https://www.tarbutttownship.com/"
  },
  {
    "municipality_name": "Tay",
    "municipality_type": "township",
    "base_url": "https://www.tay.ca/"
  },
  {
    "municipality_name": "Tay Valley",
    "municipality_type": "township",
    "base_url": "https://www.tayvalleytwp.ca/"
  },
  {
    "municipality_name": "Tecumseh",
    "municipality_type": "town",
    "base_url": "https://www.tecumseh.ca/"
  },
  {
    "municipality_name": "Tehkummah",
    "municipality_type": "township",
    "base_url": "https://tehkummah.ca/"
  },
  {
    "municipality_name": "Temagami",
    "municipality_type": "municipality",
    "base_url": "https://www.temagami.ca/"
  },
  {
    "municipality_name": "Temiskaming Shores",
    "municipality_type": "city",
    "base_url": "https://www.temiskamingshores.ca/"
  },
  {
    "municipality_name": "Terrace Bay",
    "municipality_type": "township",
    "base_url": "https://www.terracebay.ca/"
  },
  {
    "municipality_name": "Thames Centre",
    "municipality_type": "municipality",
    "base_url": "https://www.thamescentre.on.ca/"
  },
  {
    "municipality_name": "The Archipelago",
    "municipality_type": "township",
    "base_url": "https://www.thearchipelago.on.ca/"
  },
  {
    "municipality_name": "The Blue Mountains",
    "municipality_type": "town",
    "base_url": "https://www.thebluemountains.ca/"
  },
  {
    "municipality_name": "The Nation Municipality",
    "municipality_type": "",
    "base_url": "https://www.nationmun.ca/"
  },
  {
    "municipality_name": "The North Shore",
    "municipality_type": "township",
    "base_url": "https://www.townshipofthenorthshore.ca/"
  },
  {
    "municipality_name": "Thessalon",
    "municipality_type": "town",
    "base_url": "https://www.thessalon.ca/"
  },
  {
    "municipality_name": "",
    "municipality_type": "",
    "base_url": null
  },
  {
    "municipality_name": "Thorold",
    "municipality_type": "city",
    "base_url": "https://www.thorold.com/"
  },
  {
    "municipality_name": "Thunder Bay",
    "municipality_type": "city",
    "base_url": "https://www.thunderbay.ca/"
  },
  {
    "municipality_name": "Tillsonburg",
    "municipality_type": "town",
    "base_url": "https://www.town.tillsonburg.on.ca/"
  },
  {
    "municipality_name": "Timmins",
    "municipality_type": "city",
    "base_url": "https://www.timmins.ca/"
  },
  {
    "municipality_name": "Tiny",
    "municipality_type": "township",
    "base_url": "https://www.tiny.ca/"
  },
  {
    "municipality_name": "Toronto",
    "municipality_type": "city",
    "base_url": "https://www.toronto.ca/"
  },
  {
    "municipality_name": "Trent Hills",
    "municipality_type": "municipality",
    "base_url": "https://www.trenthills.ca/"
  },
  {
    "municipality_name": "Trent Lakes",
    "municipality_type": "municipality",
    "base_url": "https://www.trentlakes.ca/"
  },
  {
    "municipality_name": "Tudor and Cashel",
    "municipality_type": "township",
    "base_url": "https://www.tudorandcashel.com/"
  },
  {
    "municipality_name": "Tweed",
    "municipality_type": "municipality",
    "base_url": "https://www.tweed.ca/"
  },
  {
    "municipality_name": "Tyendinaga",
    "municipality_type": "township",
    "base_url": "https://www.tyendinagatownship.com/"
  },
  {
    "municipality_name": "Uxbridge",
    "municipality_type": "township",
    "base_url": "https://www.town.uxbridge.on.ca/"
  },
  {
    "municipality_name": "Val Rita-Harty",
    "municipality_type": "township",
    "base_url": "https://valharty.ca/en/"
  },
  {
    "municipality_name": "Vaughan",
    "municipality_type": "city",
    "base_url": "https://www.city.vaughan.on.ca/"
  },
  {
    "municipality_name": "Wainfleet",
    "municipality_type": "township",
    "base_url": "https://www.wainfleet.ca/"
  },
  {
    "municipality_name": "Warwick",
    "municipality_type": "township",
    "base_url": "https://www.warwicktownship.ca/"
  },
  {
    "municipality_name": "Wasaga Beach",
    "municipality_type": "town",
    "base_url": "https://www.wasagabeach.com/"
  },
  {
    "municipality_name": "Waterloo",
    "municipality_type": "regional municipality",
    "base_url": "https://www.region.waterloo.on.ca/"
  },
  {
    "municipality_name": "Waterloo",
    "municipality_type": "city",
    "base_url": "https://www.city.waterloo.on.ca/"
  },
  {
    "municipality_name": "Wawa",
    "municipality_type": "municipality",
    "base_url": "https://www.wawa.cc/"
  },
  {
    "municipality_name": "Welland",
    "municipality_type": "city",
    "base_url": "https://www.welland.ca/"
  },
  {
    "municipality_name": "Wellesley",
    "municipality_type": "township",
    "base_url": "https://www.wellesley.ca/en/index.aspx"
  },
  {
    "municipality_name": "Wellington",
    "municipality_type": "county",
    "base_url": "https://www.wellington.ca/"
  },
  {
    "municipality_name": "Wellington North",
    "municipality_type": "township",
    "base_url": "https://www.wellington-north.com/"
  },
  {
    "municipality_name": "West Elgin",
    "municipality_type": "municipality",
    "base_url": "https://www.westelgin.net/"
  },
  {
    "municipality_name": "West Grey",
    "municipality_type": "municipality",
    "base_url": "https://www.westgrey.com/"
  },
  {
    "municipality_name": "West Lincoln",
    "municipality_type": "township",
    "base_url": "https://www.westlincoln.ca/"
  },
  {
    "municipality_name": "West Nipissing",
    "municipality_type": "municipality",
    "base_url": "https://www.westnipissing.ca/"
  },
  {
    "municipality_name": "West Perth",
    "municipality_type": "municipality",
    "base_url": "https://www.westperth.com/en/index.aspx"
  },
  {
    "municipality_name": "Westport",
    "municipality_type": "village",
    "base_url": "https://www.village.westport.on.ca/"
  },
  {
    "municipality_name": "Whitby",
    "municipality_type": "town",
    "base_url": "https://www.whitby.ca/en/"
  },
  {
    "municipality_name": "Whitchurch-Stouffville",
    "municipality_type": "town",
    "base_url": "https://www.townofws.com/"
  },
  {
    "municipality_name": "White River",
    "municipality_type": "township",
    "base_url": "https://www.whiteriver.ca/"
  },
  {
    "municipality_name": "Whitestone",
    "municipality_type": "municipality",
    "base_url": "https://www.whitestone.ca/"
  },
  {
    "municipality_name": "Whitewater Region",
    "municipality_type": "township",
    "base_url": "https://www.whitewaterregion.ca/"
  },
  {
    "municipality_name": "Wilmot",
    "municipality_type": "township",
    "base_url": "https://www.wilmot.ca/"
  },
  {
    "municipality_name": "Windsor",
    "municipality_type": "city",
    "base_url": "https://www.citywindsor.ca/"
  },
  {
    "municipality_name": "Wollaston",
    "municipality_type": "township",
    "base_url": "https://wollaston.ca/"
  },
  {
    "municipality_name": "Woodstock",
    "municipality_type": "city",
    "base_url": "https://www.cityofwoodstock.ca/en/index.aspx"
  },
  {
    "municipality_name": "Woolwich",
    "municipality_type": "township",
    "base_url": "https://www.woolwich.ca/"
  },
  {
    "municipality_name": "York",
    "municipality_type": "regional municipality",
    "base_url": "https://www.york.ca/"
  },
  {
    "municipality_name": "Zorra",
    "municipality_type": "township",
    "base_url": "https://www.zorra.on.ca/"
  }
]